<?xml version="1.0"?>
<doc>
    <assembly>
        <name>Sitecore.FakeDb</name>
    </assembly>
    <members>
        <member name="T:Sitecore.FakeDb.Buckets.BucketProviderSwitcher">
            <summary>
            Switches the <see cref="T:Sitecore.Buckets.Managers.BucketProvider"/>, typically with a mocked instance.
            </summary>
        </member>
        <member name="M:Sitecore.FakeDb.Buckets.BucketProviderSwitcher.#ctor(Sitecore.Buckets.Managers.BucketProvider)">
            <summary>
            Initializes a new instance of the <see cref="T:Sitecore.FakeDb.Buckets.BucketProviderSwitcher"/> class.
            </summary>
            <param name="bucketProviderToSwitchTo">The bucket provider to switch to.</param>
        </member>
        <member name="T:Sitecore.FakeDb.Buckets.SwitchingBucketProvider">
            <summary>
            Delegates calls to a mocked <see cref="T:Sitecore.Buckets.Managers.BucketProvider"/> if it is set using 
            the <see cref="T:Sitecore.FakeDb.Buckets.BucketProviderSwitcher"/>. Otherwise behaves like a stub.
            </summary>
        </member>
        <member name="T:Sitecore.FakeDb.CompositeFieldBuilder">
            <summary>
            Builds <see cref="T:Sitecore.FakeDb.FieldInfo"/>'s by returning the first <see cref="T:Sitecore.FakeDb.FieldInfo"/> created by its children.
            </summary>
        </member>
        <member name="M:Sitecore.FakeDb.CompositeFieldBuilder.#ctor(Sitecore.FakeDb.IDbFieldBuilder[])">
            <summary>
            Initializes a new instance of the <see cref="T:Sitecore.FakeDb.CompositeFieldBuilder"/> class with the
            supplied builders.
            </summary>
            <param name="builders">The child builders.</param>
        </member>
        <member name="P:Sitecore.FakeDb.CompositeFieldBuilder.Builders">
            <summary>
            Gets the child builders.
            </summary>
        </member>
        <member name="M:Sitecore.FakeDb.Configuration.ConfigReader.SetZeroConfigurationPropertyIfExists(System.Boolean)">
            <summary>
            In Sitecore 8.2 Update-1 config merging logic has been changed. 
            Without setting property 'Sitecore.Configuration.ConfigReader.ZeroConfiguration'
            method 'Sitecore.Xml.Patch.ElementIdentification.ReadSignificantAttributesFromConfiguration()'
            causes StackOverflowException.
            </summary>
        </member>
        <member name="T:Sitecore.FakeDb.Data.DataProviders.SwitchingLanguageDataProvider">
            <summary>
            Represents a <see cref="T:Sitecore.Data.DataProviders.DataProvider" /> used to return a list of 
            dynamically configured <see cref="T:Sitecore.Data.Database"/> languages retrieved from 
            the <see cref="T:Sitecore.Common.Switcher`1"/> class.
            </summary>
        </member>
        <member name="M:Sitecore.FakeDb.Data.DataProviders.SwitchingLanguageDataProvider.GetLanguages(Sitecore.Data.DataProviders.CallContext)">
            <summary>
            Gets a list of <see cref="T:Sitecore.Data.Database"/> languages.
            </summary>
            <param name="context">Not used.</param>
            <returns>
            Empty <see cref="T:Sitecore.Collections.LanguageCollection"/> if no <see cref="T:Sitecore.FakeDb.DbLanguages"/>
            set via <see cref="T:Sitecore.Common.Switcher`1"/>; otherwise the list of
            configured languages.
            </returns>
        </member>
        <member name="M:Sitecore.FakeDb.Data.DataProviders.FakeDataProvider.SetProperty(System.String,System.String,Sitecore.Data.DataProviders.CallContext)">
            <summary>
            Sets the property.
            </summary>
            <param name="name">The property name.</param>
            <param name="value">The property value.</param>
            <param name="context">The context. Ignored.</param>
            <returns>Always True.</returns>
        </member>
        <member name="M:Sitecore.FakeDb.Data.DataProviders.FakeDataProvider.GetProperty(System.String,Sitecore.Data.DataProviders.CallContext)">
            <summary>
            Get the property.
            </summary>
            <param name="name">The property name.</param>
            <param name="context">The context. Ignored.</param>
            <returns>The property value if exists. Otherwise null.</returns>
        </member>
        <member name="M:Sitecore.FakeDb.Data.Engines.DataStorage.ExpandTemplatesSequence(Sitecore.Data.ID)">
            <summary>
            Similar to Template.GetBaseTemplates() the method expands the template inheritance hierarchy
            </summary>
            <param name="templateId">The template id.</param>
            <returns>The list of tempaltes.</returns>
        </member>
        <member name="T:Sitecore.FakeDb.Data.Items.ItemWrapper">
            <summary>
            A Sitecore Item that overrides Equals and HashCode to go by the item's ID.
            
            FakeDb creates item instances every time a code asks for one and there are cases when not having
            two otherwise identical items be "equal" hurts. 
            </summary>
        </member>
        <member name="T:Sitecore.FakeDb.DbLanguages">
            <summary>
            Encapsulates a list of languages to be switched using 
            <see cref="T:Sitecore.Common.Switcher`1"/> for the <see cref="T:Sitecore.FakeDb.Data.DataProviders.SwitchingLanguageDataProvider"/>.
            </summary>
        </member>
        <member name="T:Sitecore.FakeDb.FieldInfo">
            <summary>
            Contains basic field info.
            </summary>
        </member>
        <member name="F:Sitecore.FakeDb.FieldInfo.Empty">
            <summary>
            The empty field info.
            </summary>
        </member>
        <member name="P:Sitecore.FakeDb.FieldInfo.Name">
            <summary>
            Gets the field name.
            </summary>
        </member>
        <member name="P:Sitecore.FakeDb.FieldInfo.Id">
            <summary>
            Gets the field id.
            </summary>
        </member>
        <member name="P:Sitecore.FakeDb.FieldInfo.Shared">
            <summary>
            Gets the field shared info.
            </summary>
        </member>
        <member name="P:Sitecore.FakeDb.FieldInfo.Type">
            <summary>
            Gets the field type.
            </summary>
        </member>
        <member name="M:Sitecore.FakeDb.FieldInfo.#ctor(System.String,Sitecore.Data.ID,System.Boolean,System.String)">
            <summary>
            Initializes a new instance of the <see cref="T:Sitecore.FakeDb.CompositeFieldBuilder"/> struct.
            </summary>
            <param name="name">The field name.</param>
            <param name="id">The field id.</param>
            <param name="shared">The field shared.</param>
            <param name="type">The field type.</param>
        </member>
        <member name="M:Sitecore.FakeDb.FieldInfo.op_Equality(Sitecore.FakeDb.FieldInfo,Sitecore.FakeDb.FieldInfo)">
            <summary>
            Determines if the two fields are equals.
            </summary>
            <param name="a">The field 'a'.</param>
            <param name="b">The field 'b'.</param>
            <returns>True if equals, otherwise false.</returns>
        </member>
        <member name="M:Sitecore.FakeDb.FieldInfo.op_Inequality(Sitecore.FakeDb.FieldInfo,Sitecore.FakeDb.FieldInfo)">
            <summary>
            Determines if the two fields are not equal.
            </summary>
            <param name="a">The field 'a'.</param>
            <param name="b">The field 'b'.</param>
            <returns>True if not equal, otherwise false.</returns>
        </member>
        <member name="T:Sitecore.FakeDb.Pipelines.AddDbItem.SetStatistics">
            <summary>
            Creates and fulfills item statistics fields for all the item languages.
            The fields included are 'Created', 'CreatedBy', 'Revision', 'Updated' 
            and 'UpdatedBy'.
            <para>
            The 'Created' and 'Updated' fields are set to the current date in ISO 
            format. The 'CreatedBy' and 'UpdatedBy' fields store the current user 
            name. The 'Revision' field is a <see cref="T:System.Guid"/> generated for
            each of the item languages.
            </para>
            </summary>
        </member>
        <member name="T:Sitecore.FakeDb.Pipelines.Initialize.DisableLicenseWatcher">
            <summary>
            This processor disables the <see cref="T:Sitecore.SecurityModel.License.LicenseWatcher"/> creating it in 
            advance before the default one and calling the 'Dispose()' method.
            That is required to stop the 'worker' process which may run forever in
            some test runners preventing them from completing. 
            </summary>
        </member>
        <member name="M:Sitecore.FakeDb.Pipelines.Initialize.DisableLicenseWatcher.Process(Sitecore.Pipelines.PipelineArgs)">
            <summary>
            Disables the <see cref="T:Sitecore.SecurityModel.License.LicenseWatcher"/>.
            </summary>
            <param name="args">The arguments.</param>
        </member>
        <member name="T:Sitecore.FakeDb.Sites.FakeSiteContextSwitcher">
            <summary>
            Switches The Site Context and sync context with Factory.Sites 
            </summary>
        </member>
        <member name="T:Sitecore.FakeDb.StandardFieldsReference">
            <summary>
            Contains information about all the standard fields.
            </summary>
        </member>
        <member name="P:Sitecore.FakeDb.StandardFieldsReference.Item(System.String)">
            <summary>
            Returns a standard field info if matched by name. Otherwise <see cref="F:Sitecore.FakeDb.FieldInfo.Empty"/>.
            </summary>
            <param name="name">The field name.</param>
        </member>
        <member name="P:Sitecore.FakeDb.StandardFieldsReference.Item(Sitecore.Data.ID)">
            <summary>
            Returns a standard field info if matched by id. Otherwise <see cref="F:Sitecore.FakeDb.FieldInfo.Empty"/>.
            </summary>
            <param name="id">The field id.</param>
        </member>
        <member name="T:Sitecore.FakeDb.IDbFieldBuilder">
            <summary>
            Builds a <see cref="T:Sitecore.FakeDb.FieldInfo"/> to be used in the <see cref="T:Sitecore.FakeDb.DbField"/> creation.
            </summary>
        </member>
        <member name="M:Sitecore.FakeDb.IDbFieldBuilder.Build(System.Object)">
            <summary>
            Builds a <see cref="T:Sitecore.FakeDb.FieldInfo"/> using given request. The request might be an <see cref="T:Sitecore.Data.ID"/>,
            name or combination of both.
            </summary>
            <param name="request">The request.</param>
            <returns>The field info.</returns>
        </member>
        <member name="T:Sitecore.FakeDb.IDsDbItem">
            <summary>
            Abstraction that is needed because we want to share functionality for building items as well as templates.
            </summary>
        </member>
        <member name="T:Sitecore.FakeDb.IdBasedFieldGenerator">
            <summary>
            Generates a <see cref="T:Sitecore.FakeDb.FieldInfo"/> to be used in the <see cref="T:Sitecore.FakeDb.DbField"/> creation based on the
            predefined <see cref="T:Sitecore.Data.ID"/> and auto-generated name.
            </summary>
        </member>
        <member name="T:Sitecore.FakeDb.IdNameFieldBuilder">
            <summary>
            Builds a <see cref="T:Sitecore.FakeDb.FieldInfo"/> to be used in the <see cref="T:Sitecore.FakeDb.DbField"/> creation based on the
            predefined name and auto-generated <see cref="T:Sitecore.Data.ID"/>.
            </summary>
        </member>
        <member name="M:Sitecore.FakeDb.IdNameFieldBuilder.#ctor(Sitecore.FakeDb.IDbFieldBuilder,Sitecore.FakeDb.IDbFieldBuilder)">
            <summary>
            Initializes a new instance of the <see cref="T:Sitecore.FakeDb.IdBasedStandardFieldResolver"/> class.
            </summary>
            <param name="nameBuilder">The name field info builder.</param>
            <param name="idBuilder">The id field info builder.</param>
        </member>
        <member name="P:Sitecore.FakeDb.IdNameFieldBuilder.NameBuilder">
            <summary>
            Gets the name field info builder.
            </summary>
        </member>
        <member name="P:Sitecore.FakeDb.IdNameFieldBuilder.IdBuilder">
            <summary>
            Gets the id field info builder.
            </summary>
        </member>
        <member name="T:Sitecore.FakeDb.NameBasedFieldGenerator">
            <summary>
            Generates a <see cref="T:Sitecore.FakeDb.FieldInfo"/> to be used in the <see cref="T:Sitecore.FakeDb.DbField"/> creation based on the
            predefined name and auto-generated <see cref="T:Sitecore.Data.ID"/>.
            </summary>
        </member>
        <member name="T:Sitecore.FakeDb.IdBasedStandardFieldResolver">
            <summary>
            Resolves a <see cref="T:Sitecore.FakeDb.FieldInfo"/> to be used in the <see cref="T:Sitecore.FakeDb.DbField"/> creation from the
            <see cref="T:Sitecore.FakeDb.StandardFieldsReference"/> by id.
            </summary>
        </member>
        <member name="M:Sitecore.FakeDb.IdBasedStandardFieldResolver.#ctor(Sitecore.FakeDb.StandardFieldsReference)">
            <summary>
            Initializes a new instance of the <see cref="T:Sitecore.FakeDb.IdBasedStandardFieldResolver"/> class.
            </summary>
            <param name="fieldReference">The standard fields reference.</param>
        </member>
        <member name="P:Sitecore.FakeDb.IdBasedStandardFieldResolver.FieldReference">
            <summary>
            Gets the standard fields reference.
            </summary>
        </member>
        <member name="T:Sitecore.FakeDb.NameBasedStandardFieldResolver">
            <summary>
            Resolves a <see cref="T:Sitecore.FakeDb.FieldInfo"/> to be used in the <see cref="T:Sitecore.FakeDb.DbField"/> creation from the
            <see cref="T:Sitecore.FakeDb.StandardFieldsReference"/> by name.
            </summary>
        </member>
        <member name="M:Sitecore.FakeDb.NameBasedStandardFieldResolver.#ctor(Sitecore.FakeDb.StandardFieldsReference)">
            <summary>
            Initializes a new instance of the <see cref="T:Sitecore.FakeDb.NameBasedStandardFieldResolver"/> class.
            </summary>
            <param name="fieldReference">The standard fields reference.</param>
        </member>
        <member name="P:Sitecore.FakeDb.NameBasedStandardFieldResolver.FieldReference">
            <summary>
            Gets the standard fields reference.
            </summary>
        </member>
        <member name="T:Sitecore.FakeDb.Db">
            <summary>
            Creates Sitecore items in memory.
            </summary>
        </member>
        <member name="M:Sitecore.FakeDb.Db.#ctor">
            <summary>
            Initializes a new instance of the <see cref="T:Sitecore.FakeDb.Db"/> class with the "master" database.
            </summary>
        </member>
        <member name="M:Sitecore.FakeDb.Db.#ctor(System.String)">
            <summary>
            Initializes a new instance of the <see cref="T:Sitecore.FakeDb.Db"/> class with the specified database.
            </summary>
            <param name="databaseName">The database name.</param>
        </member>
        <member name="M:Sitecore.FakeDb.Db.Add(Sitecore.FakeDb.DbItem)">
            <summary>
            Adds a <see cref="T:Sitecore.FakeDb.DbItem" /> to the current database.
            </summary>
            <param name="item">The item to add.</param>
        </member>
        <member name="M:Sitecore.FakeDb.Db.GetItem(Sitecore.Data.ID)">
            <summary>
            Gets an <see cref="T:Sitecore.Data.Items.Item"/> by id.
            </summary>
            <param name="id">The item id.</param>
            <returns>The item.</returns>
        </member>
        <member name="M:Sitecore.FakeDb.Db.GetItem(Sitecore.Data.ID,System.String)">
            <summary>
            Gets an <see cref="T:Sitecore.Data.Items.Item"/> by id and language.
            </summary>
            <param name="id">The item id.</param>
            <param name="language">The item language.</param>
            <returns>The item.</returns>
        </member>
        <member name="M:Sitecore.FakeDb.Db.GetItem(Sitecore.Data.ID,System.String,System.Int32)">
            <summary>
            Gets an <see cref="T:Sitecore.Data.Items.Item"/> by id, language and version number.
            </summary>
            <param name="id">The item id.</param>
            <param name="language">The item language.</param>
            <param name="version">The item version.</param>
            <returns>The item.</returns>
        </member>
        <member name="M:Sitecore.FakeDb.Db.GetItem(System.String)">
            <summary>
            Gets an <see cref="T:Sitecore.Data.Items.Item" /> by path.
            </summary>
            <param name="path">The item path.</param>
            <returns>The item.</returns>
        </member>
        <member name="M:Sitecore.FakeDb.Db.GetItem(System.String,System.String)">
            <summary>
            Gets an <see cref="T:Sitecore.Data.Items.Item"/> by path and language.
            </summary>
            <param name="path">The item path.</param>
            <param name="language">The item language.</param>
            <returns>The item.</returns>
        </member>
        <member name="M:Sitecore.FakeDb.Db.GetItem(System.String,System.String,System.Int32)">
            <summary>
            Gets an <see cref="T:Sitecore.Data.Items.Item"/> by path, language and version number.
            </summary>
            <param name="path">The item path.</param>
            <param name="language">The item language.</param>
            <param name="version">The item version.</param>
            <returns>The item.</returns>
        </member>
        <member name="M:Sitecore.FakeDb.Db.WithLanguages(Sitecore.Globalization.Language[])">
            <summary>
            Specifies a list of available <see cref="P:Sitecore.FakeDb.Db.Database"/> languages for 
            the given <see cref="T:Sitecore.FakeDb.Db"/> context. If not called, the 'en' 
            language is used.
            </summary>
            <param name="languages">The list of languages.</param>
            <returns>The same <see cref="T:Sitecore.FakeDb.Db"/> instance.</returns>
        </member>
        <member name="M:Sitecore.FakeDb.Db.Dispose">
            <summary>
            Performs application-defined tasks associated with freeing, releasing, or resetting unmanaged resources.
            </summary>
        </member>
        <member name="M:Sitecore.FakeDb.Db.Dispose(System.Boolean)">
            <summary>
            Performs application-defined tasks associated with freeing, releasing, or resetting unmanaged resources.
            </summary>
            <param name="disposing">True if disposing, otherwise false.</param>
        </member>
        <member name="T:Sitecore.FakeDb.DbField">
            <summary>
            Represents a lightweight version of the <see cref="T:Sitecore.Data.Fields.Field"/> class.
            If the field name or id match one of the standard fields, additional field properties 
            such as Shared or Type are filled automatically. 
            </summary>
        </member>
        <member name="T:Sitecore.FakeDb.DbItem">
            <summary>
            Represents a lightweight version of the <see cref="T:Sitecore.Data.Items.Item"/> class.
            </summary>
        </member>
        <member name="M:Sitecore.FakeDb.DbItem.#ctor(System.String)">
            <summary>
            Initializes a new instance of the <see cref="T:Sitecore.FakeDb.DbItem"/> class.
            </summary>
            <param name="name">The item name.</param>
        </member>
        <member name="M:Sitecore.FakeDb.DbItem.#ctor(System.String,Sitecore.Data.ID)">
            <summary>
            Initializes a new instance of the <see cref="T:Sitecore.FakeDb.DbItem"/> class.
            </summary>
            <param name="name">The item name.</param>
            <param name="id">The item id.</param>
        </member>
        <member name="M:Sitecore.FakeDb.DbItem.#ctor(System.String,Sitecore.Data.ID,Sitecore.Data.ID)">
            <summary>
            Initializes a new instance of the <see cref="T:Sitecore.FakeDb.DbItem"/> class.
            </summary>
            <param name="name">The item name.</param>
            <param name="id">The item id.</param>
            <param name="templateId">The template id.</param>
        </member>
        <member name="M:Sitecore.FakeDb.DbItem.Add(System.String,System.String)">
            <summary>
            Adds a new field to the item.
            </summary>
            <param name="fieldName">The field name.</param>
            <param name="fieldValue">The field value.</param>
        </member>
        <member name="M:Sitecore.FakeDb.DbItem.Add(Sitecore.Data.ID,System.String)">
            <summary>
            Adds a new field to the item.
            </summary>
            <param name="fieldId">The field id.</param>
            <param name="fieldValue">The field value.</param>
        </member>
        <member name="M:Sitecore.FakeDb.DbItem.Add(Sitecore.FakeDb.DbField)">
            <summary>
            Adds a new <see cref="T:Sitecore.FakeDb.DbField"/> to the item.
            </summary>
            <param name="field">The field.</param>
        </member>
        <member name="M:Sitecore.FakeDb.DbItem.Add(Sitecore.FakeDb.DbItem)">
            <summary>
            Adds a child <see cref="T:Sitecore.FakeDb.DbItem"/> to the item.
            </summary>
            <param name="child">The child item.</param>
        </member>
        <member name="M:Sitecore.FakeDb.DbItem.AddVersion(System.String)">
            <summary>
            Adds a new version to the item in specific language.
            </summary>
            <param name="language">The language.</param>
        </member>
        <member name="M:Sitecore.FakeDb.DbItem.AddVersion(System.String,System.Int32)">
            <summary>
            Adds a new version to the item in specific language.
            </summary>
            <param name="language">The language.</param>
            <param name="currentVersion">The current varsion.</param>
        </member>
        <member name="M:Sitecore.FakeDb.DbItem.GetVersionCount(System.String)">
            <summary>
            Gets the item versions count.
            </summary>
            <param name="language">The language.</param>
            <returns>The version count.</returns>
        </member>
        <member name="M:Sitecore.FakeDb.DbItem.RemoveVersion(System.String)">
            <summary>
            Removes the item version.
            </summary>
            <param name="language">The language.</param>
            <returns>true if varsion was successfully removed; otherwise, false.</returns>
        </member>
        <member name="M:Sitecore.FakeDb.DbItem.RemoveVersion(System.String,System.Int32)">
            <summary>
            Removes the item version.
            </summary>
            <param name="language">The language.</param>
            <param name="version">The version number.</param>
            <returns>true if varsion was successfully removed; otherwise, false.</returns>
        </member>
        <member name="T:Sitecore.FakeDb.DbTemplate">
            <summary>
            Represents a lightweight version of the <see cref="T:Sitecore.Data.Items.TemplateItem"/> class.
            </summary>
        </member>
        <member name="P:Sitecore.FakeDb.DbTemplate.BaseIDs">
            <summary>
            Gets or sets the list of base template ids.
            </summary>
        </member>
        <member name="M:Sitecore.FakeDb.DbTemplate.#ctor">
            <summary>
            Initializes a new instance of the <see cref="T:Sitecore.FakeDb.DbTemplate"/> class with 
            auto-generated name and id.
            </summary>
        </member>
        <member name="M:Sitecore.FakeDb.DbTemplate.#ctor(Sitecore.Data.ID)">
            <summary>
            Initializes a new instance of the <see cref="T:Sitecore.FakeDb.DbTemplate"/> class with 
            a specific id and auto-generated name.
            </summary>        
            <param name="id">The template id.</param>
        </member>
        <member name="M:Sitecore.FakeDb.DbTemplate.#ctor(System.String)">
            <summary>
            Initializes a new instance of the <see cref="T:Sitecore.FakeDb.DbTemplate"/> class with 
            a specific name and auto-generated id.
            </summary>        
            <param name="name">The template name.</param>
        </member>
        <member name="M:Sitecore.FakeDb.DbTemplate.#ctor(System.String,Sitecore.Data.ID)">
            <summary>
            Initializes a new instance of the <see cref="T:Sitecore.FakeDb.DbTemplate"/> class with 
            a specific name and id.
            </summary>        
            <param name="name">The template name.</param>
            <param name="id">The template id.</param>
        </member>
        <member name="M:Sitecore.FakeDb.DbTemplate.Add(System.String)">
            <summary>
            Adds a field with a specific name and auto-generated id.
            </summary>
            <param name="fieldName">The field name.</param>
        </member>
        <member name="M:Sitecore.FakeDb.DbTemplate.Add(Sitecore.Data.ID)">
            <summary>
            Adds a field with a specific id and auto-generated name.
            </summary>
            <param name="id">The field id.</param>
        </member>
        <member name="M:Sitecore.FakeDb.DbTemplate.Add(System.String,System.String)">
            <summary>
            Adds a field with a specific name and Standard Value.
            </summary>
            <param name="fieldName">The field name.</param>
            <param name="standardValue">The field standard value.</param>
        </member>
        <member name="M:Sitecore.FakeDb.DbTemplate.Add(Sitecore.Data.ID,System.String)">
            <summary>
            Adds a field with a specific id and Standard Value.
            </summary>
            <param name="id">The field id.</param>
            <param name="standardValue">The field standard value.</param>
        </member>
        <member name="M:Sitecore.FakeDb.DbTemplate.Add(Sitecore.FakeDb.DbField,System.String)">
            <summary>
            Adds a specific field with a Standard Value.
            </summary>
            <param name="field">The field.</param>
            <param name="standardValue">The field standard value.</param>
        </member>
    </members>
</doc>
